{
  "mj_metric": {
    "easy": 0.6562162162162162,
    "easy_total": 925,
    "medium": 0.4525862068965517,
    "medium_total": 464,
    "hard": 0.3103448275862069,
    "hard_total": 464,
    "extra": 0,
    "extra_total": 0,
    "all": 0.5619295958279009,
    "all_total": 1534,
    "acc": 0.5619295958279009,
    "simple": 0.6562162162162162,
    "moderate": 0.4525862068965517,
    "challenging": 0.3103448275862069
  }
}