{
  "mj_metric": {
    "easy": 0.7329729729729729,
    "easy_total": 925,
    "medium": 0.6120689655172413,
    "medium_total": 464,
    "hard": 0.4827586206896552,
    "hard_total": 464,
    "extra": 0,
    "extra_total": 0,
    "all": 0.6727509778357236,
    "all_total": 1534,
    "acc": 0.6727509778357236,
    "simple": 0.7329729729729729,
    "moderate": 0.6120689655172413,
    "challenging": 0.4827586206896552
  }
}